id,title,score,by,time,comments_count,url
49880036,Pirating the Pirates,76,piotrgrabowski,1790610855,15,https://mubi.com/en/notebook/posts/pirating-the-pirates
49880311,13 Months Sober (2025),36,btables,1790611900,22,https://www.bobbytables.io/p/13-months-sober
49879702,Hijacking the PS5's RTMP Stream,38,ibobev,1790609723,3,https://yashgarg.dev/posts/hijacking-ps5-rtmp-stream/
49875913,"Parley: Federated, decentralised chat that speaks plain IRC",234,davidcollantes,1790591454,112,https://git.mills.io/prologic/parley
49878900,What Heraldry and Mon Can Teach Us About Building Visual-Identity Generators,32,bovermyer,1790606924,9,https://benovermyer.com/blog/2026/09/japanese-vs-western-heraldry/
49879000,MongoDB CEO resigns to join Meta,114,diek,1790607261,117,https://www.reuters.com/technology/mongodb-ceo-desai-steps-down-lead-metas-enterprise-platform-2026-09-28/
49880312,"The problem is not AI code, but not knowing about system architecture or intent",227,zazuke,1790611902,144,https://www.ssp.sh/brain/the-problem-is-not-the-ai-code-but-nobody-knows-anything-anymore/
49875142,"37,500 border drawings: a map of the world as people remember it",135,nicocarsui,1790584510,31,https://www.habibicode.org/thedrawnworld
49877988,Coding Is Not Solved,290,firstSpeaker,1790603577,296,https://blog.alexewerlof.com/p/coding-is-not-solved
49875801,"Show HN: PaperMono, e-ink fridge magnet shopping list with mobile web page",80,seamus_c,1790590481,34,https://github.com/seamusc/papermono-shopping-list
49876148,What Would a Serious AI Product Look Like?,42,lumpa,1790593332,18,https://blog.glyph.im/2026/09/serious-ai-product.html
49879577,Cf: The Agentic CLI for the Cloudflare API,11,macleos,1790609293,0,https://blog.cloudflare.com/cloudflare-cf-cli-launch/
49865312,"Footguns with Postgres ""at time zone 'UTC'""",128,birdculture,1790504391,72,https://bookofrevenue.com/blog/6ab81e9a97a13f0001f7e4e1/postgres-at-time-zone-u-does-not-do-what-you-think-it-does
49872723,Owed a billion dollars in Nvidia stock,986,Eric_Gullichsen,1790561113,418,https://colo.to/nvidia-stock-narrative.html
49879697,Kids turned low-traffic NPR Spotify comments into a secret group chat,96,simonpure,1790609709,68,https://www.thisamericanlife.org/897/transcript
49868830,Ember-1,556,gmays,1790530313,239,https://fireworks.ai/blog/ember-1
49876760,Show HN: Hntui – A TUI for Hacker News,95,ahmd-sh,1790597480,44,https://github.com/ahmd-sh/hntui
49870760,Solving a corn puzzle with CP-SAT,5,luu,1790542734,1,https://thill.me/2026/07/16/corn-puzzle-sat-solver.html
49870367,When did Google get so weird?,1639,sancho-panza,1790539974,891,https://sancho.bearblog.dev/google-weird/
49872883,Nissan's third generation e-POWER powertrain,136,mroche,1790562683,304,https://www.nissan-global.com/EN/INNOVATION/TECHNOLOGY/ARCHIVE/E_POWER_GEN3/
49875308,Show HN: Free alternative to graphics design giants,50,sia_xi,1790585731,17,https://scissor.studio/
49873241,Thinking fast and slow in AI: The role of metacognition (2021),160,teleforce,1790565833,64,https://arxiv.org/abs/2110.01834
49870295,Self-Hosting on the Dark Web,315,mooreds,1790539416,105,https://david.alvarezrosa.com/posts/self-hosting-on-the-dark-web/
49879343,What makes Lisp difficult to read?,30,ibobev,1790608350,35,https://paultm.nl/paren-thesis
49869755,Malleable software: Restoring user agency in a world of locked-down apps (2025),142,evakhoury,1790535691,68,https://www.inkandswitch.com/essay/malleable-software/
49879645,Updated Google Maps shows destruction of the city of Rafah,46,slowin,1790609538,10,https://twitter.com/AliAbunimah/status/2103890594137309425
49870070,Alan Kay's answer to “Did the ENIAC have a BIOS”?,174,midnightfish,1790537825,60,https://www.quora.com/Did-the-ENIAC-have-a-BIOS/answer/Alan-Kay-11
49852600,Guitar amp and effects pedal built on the Waveshare ESP32-S3-Touch-AMOLED-2.06,145,arbayi,1790389490,73,https://github.com/dashersw/coyopedal
49852238,Functional Mechanical Sympathy [video],59,surprisetalk,1790386016,11,https://www.youtube.com/watch?v=jSHmDnUZCm8
49870837,Lunar Terminator Paradox,98,dima55,1790543177,64,https://notes.secretsauce.net/notes/2026/09/27_lunar-terminator-paradox.html
49844629,The state of SIMD in Rust in 2026,200,verdagon,1790343994,51,https://shnatsel.github.io/state-of-simd-rust-2026/
49866951,"In an $80 motel room, a discovery to shed light on the origins of life",287,danso,1790519455,108,https://www.nytimes.com/2026/09/26/science/motel-science-discovery.html
49868404,Don't couple your Go code to GitHub,310,birdculture,1790527858,166,https://iain.rocks/blog/dont-couple-your-go-code-to-github
49874551,Made by Mechanical Means,66,cocoflunchy,1790579166,23,https://felixrieseberg.com/made-by-mechanical-means/
49866515,Replacing the old battery on rechargeable bike lights,202,surprisetalk,1790515811,116,https://jvns.ca/blog/2026/09/27/replacing-the-old-battery-on-rechargeable-bike-lights/
49876861,Which Diet Is Best to Lower Liver Fat and Improve Insulin Sensitivity?,8,llm_nerd,1790598109,2,https://nourishedbyscience.com/keto_and_liverfat/
49851795,Deterministic Concurrency [video],80,surprisetalk,1790381644,5,https://www.youtube.com/watch?v=25x0UuSCKuU
49855276,Reading’s Bayeux Tapestry,75,zeristor,1790419720,27,https://diamondgeezer.blogspot.com/2026/09/readings-bayeux-tapestry.html
49869995,Imp is a full port of DSPy to the BEAM,94,mpweiher,1790537303,9,https://github.com/deepfates/imp
49869773,What I did at Recurse Center,120,bingden,1790535859,38,https://thill.me/2026/09/11/what-i-did-at-rc.html
49869574,Show HN: Lofi Cities – Pixel-art city nights with browser-generated lofi,301,safaelmali,1790534670,120,https://loficities.com/
49845284,"Previously unheard recordings of John Coltrane, captured by Frank Tiberi",105,gregsadetsky,1790347086,36,https://www.jazzwise.com/content/news/john-coltrane-centenary-celebrations-see-impulse-records-release-the-legendary-tiberi-tapes
49849409,Writing Efficient C++ Code (2013),170,ibobev,1790367627,138,https://asawicki.info/articles/writing_efficient_cpp_code.php
49869142,"Oral history of John Chowning, inventor of FM synthesis [video]",85,Rochus,1790532163,30,https://www.youtube.com/watch?v=e1Xn3030IvM
49872541,Packing Binary Is Fun,34,BurnerBurner,1790559231,13,https://hereticpleb.vercel.app/blog/packing-binary-is-fun-actually
49868753,"Calling the AI bluff: Adding ""Do not guess"" cut made-up claims from 71% to 20%",74,FKJ,1790529857,20,https://earnanhonestdollar.com/bench
